{
    "0": {
        "precision": 0.8081632653061225,
        "recall": 0.8,
        "f1-score": 0.8040609137055837,
        "support": 495.0
    },
    "1": {
        "precision": 0.842,
        "recall": 0.7767527675276753,
        "f1-score": 0.8080614203454894,
        "support": 542.0
    },
    "2": {
        "precision": 0.6853658536585366,
        "recall": 0.7375328083989501,
        "f1-score": 0.7104930467762326,
        "support": 381.0
    },
    "3": {
        "precision": 0.7175,
        "recall": 0.7513089005235603,
        "f1-score": 0.7340153452685422,
        "support": 382.0
    },
    "accuracy": 0.7694444444444445,
    "macro avg": {
        "precision": 0.7632572797411648,
        "recall": 0.7663986191125465,
        "f1-score": 0.764157681523962,
        "support": 1800.0
    },
    "weighted avg": {
        "precision": 0.7731190036502406,
        "recall": 0.7694444444444445,
        "f1-score": 0.7705950860143593,
        "support": 1800.0
    }
}