{
    "0": {
        "precision": 0.8114754098360656,
        "recall": 0.8,
        "f1-score": 0.8056968463886063,
        "support": 495.0
    },
    "1": {
        "precision": 0.8409542743538767,
        "recall": 0.7804428044280443,
        "f1-score": 0.8095693779904306,
        "support": 542.0
    },
    "2": {
        "precision": 0.6896551724137931,
        "recall": 0.7349081364829396,
        "f1-score": 0.7115628970775095,
        "support": 381.0
    },
    "3": {
        "precision": 0.7146401985111662,
        "recall": 0.7539267015706806,
        "f1-score": 0.7337579617834394,
        "support": 382.0
    },
    "accuracy": 0.7705555555555555,
    "macro avg": {
        "precision": 0.7641812637787254,
        "recall": 0.7673194106204161,
        "f1-score": 0.7651467708099964,
        "support": 1800.0
    },
    "weighted avg": {
        "precision": 0.7740159561608746,
        "recall": 0.7705555555555555,
        "f1-score": 0.771670859456099,
        "support": 1800.0
    }
}