{
    "0": {
        "precision": 0.6442577030812325,
        "recall": 0.46464646464646464,
        "f1-score": 0.539906103286385,
        "support": 495.0
    },
    "1": {
        "precision": 0.652931854199683,
        "recall": 0.7601476014760148,
        "f1-score": 0.7024722932651322,
        "support": 542.0
    },
    "2": {
        "precision": 0.6614173228346457,
        "recall": 0.6614173228346457,
        "f1-score": 0.6614173228346457,
        "support": 381.0
    },
    "3": {
        "precision": 0.6682134570765661,
        "recall": 0.7539267015706806,
        "f1-score": 0.7084870848708487,
        "support": 382.0
    },
    "accuracy": 0.6566666666666666,
    "macro avg": {
        "precision": 0.6567050842980319,
        "recall": 0.6600345226319514,
        "f1-score": 0.6530707010642529,
        "support": 1800.0
    },
    "weighted avg": {
        "precision": 0.6555856492248259,
        "recall": 0.6566666666666666,
        "f1-score": 0.6503530947206257,
        "support": 1800.0
    }
}