{
    "0": {
        "precision": 0.8156424581005587,
        "recall": 0.8848484848484849,
        "f1-score": 0.8488372093023255,
        "support": 495.0
    },
    "1": {
        "precision": 0.836555360281195,
        "recall": 0.8782287822878229,
        "f1-score": 0.8568856885688569,
        "support": 542.0
    },
    "2": {
        "precision": 0.8558823529411764,
        "recall": 0.7637795275590551,
        "f1-score": 0.8072122052704577,
        "support": 381.0
    },
    "3": {
        "precision": 0.8757062146892656,
        "recall": 0.8115183246073299,
        "f1-score": 0.842391304347826,
        "support": 382.0
    },
    "accuracy": 0.8416666666666667,
    "macro avg": {
        "precision": 0.8459465965030489,
        "recall": 0.8345937798256732,
        "f1-score": 0.8388316018723666,
        "support": 1800.0
    },
    "weighted avg": {
        "precision": 0.8432038736189288,
        "recall": 0.8416666666666667,
        "f1-score": 0.8410821057099364,
        "support": 1800.0
    }
}